{
  "project_info": {
    "project_number": "529640573053",
    "project_id": "scanning-application-c7a57",
    "storage_bucket": "scanning-application-c7a57.appspot.com"
  },
  "client": [
    {
      "client_info": {
        "mobilesdk_app_id": "1:529640573053:android:8010bdd972c95e78610914",
        "android_client_info": {
          "package_name": "com.example.docmentscan"
        }
      },
      "oauth_client": [
        {
          "client_id": "529640573053-o4sqrviuntobfklrd1ak3psq1rdl8sf7.apps.googleusercontent.com",
          "client_type": 3
        }
      ],
      "api_key": [
        {
          "current_key": "AIzaSyBOI2rp-7cjkizXtgsyr3g5iyheidgbbJ0"
        }
      ],
      "services": {
        "appinvite_service": {
          "other_platform_oauth_client": [
            {
              "client_id": "529640573053-o4sqrviuntobfklrd1ak3psq1rdl8sf7.apps.googleusercontent.com",
              "client_type": 3
            }
          ]
        }
      }
    }
  ],
  "configuration_version": "1"
}